ID,offset,day
SN:CCDC3016D45EA09_Sony4K_20180425,5.78703703703704e-05,day_20180425
SN:CCDC3016707B61E_Sony4K,5.78703703703708e-06,day_20180425
SN:CCDC30169E66C48_Sony4K,-1.15740740740741e-05,20180425
SN:CCDC30169E66C48_Sony4K,1.15740740740741e-05,20180425
SN:CCDC3016D45EA09_Sony4K,2.31481481481481e-05,20180425
SN:CCDC3016D45EA09_Sony4K,-2.31481481481481e-05,20180425
SN:CCDC30169E66C48_Sony4K,1.15740740740741e-05,20180425
SN:CCDC301688BDC0C_Sony4K,-0.000358796296296296,20180425
